{
  "feature_names": [
    "avg_sent_len",
    "sent_len_variance",
    "imperative_ratio",
    "question_ratio",
    "passive_ratio",
    "ttr",
    "hapax_ratio",
    "caps_ratio",
    "exclamation_ratio",
    "fk_grade",
    "attribution_density",
    "unattributed_claim_ratio",
    "hedge_density",
    "named_entity_density",
    "testimonial_count",
    "outgroup_framing",
    "ingroup_framing",
    "credential_ask_count",
    "account_threat_count",
    "suspicious_url_score",
    "urgency_structural",
    "benign_context_score",
    "sentence_uniformity",
    "transition_density",
    "absolute_claim_density",
    "top10_word_coverage"
  ],
  "n_features": 26,
  "classes": [
    "safe",
    "misinformation",
    "phishing",
    "ai_spam"
  ],
  "scaler_mean": [
    12.721130952380951,
    35.3688669754518,
    0.04211760461760462,
    0.0022095959595959595,
    0.15214646464646459,
    0.8679992228358978,
    0.7746180382780748,
    0.011986127272755463,
    0.001893939393939394,
    9.619769526984737,
    0.05474386724386726,
    0.025703463203463207,
    0.04507575757575757,
    0.036700146800234985,
    0.045454545454545456,
    0.003167788543283147,
    0.0001546072974644403,
    0.3106060606060606,
    0.13636363636363635,
    0.0,
    0.12878787878787878,
    0.09848484848484848,
    0.5833076633757919,
    0.2362373737373738,
    0.06079545454545456,
    0.3374036050022283
  ],
  "scaler_std": [
    3.1941450200758856,
    28.16401979335644,
    0.1080271081390269,
    0.017997961224934904,
    0.19674760043961653,
    0.05663357340904539,
    0.08859037414650295,
    0.02092701474040946,
    0.021677127163370422,
    2.6396216928841034,
    0.14529914272209168,
    0.08386848300640605,
    0.12312121118892574,
    0.028260834739365442,
    0.2980653874682729,
    0.010074237001479226,
    0.0017695614010914671,
    0.7989820773729962,
    0.6126535339138098,
    0.0,
    0.33496501468839657,
    0.4414138524835521,
    0.15369080163897553,
    0.4198238778760132,
    0.13944235167487062,
    0.06004328633150024
  ],
  "coef": [
    [
      -0.48942465234377824,
      -0.04706638094700404,
      -0.6356075893196836,
      0.07849285851835552,
      -0.448481797969622,
      0.45161704779141426,
      0.20778085946789926,
      -1.2628383610062188,
      -0.06975835205268538,
      -0.3391452493523145,
      0.4743924339747977,
      -0.5608577446698751,
      0.2750121454515512,
      0.2603199164756669,
      -0.9228671073613376,
      -0.24353369919284357,
      -0.0716315176296445,
      -0.2701080382015028,
      -0.15181013516134367,
      0.0,
      -0.3699646069812171,
      0.47790296605697785,
      0.39782842132866497,
      -0.8744926642703297,
      -0.5638170271876805,
      0.059965254068762464
    ],
    [
      -0.4345290774109215,
      -0.17029282111716862,
      0.019542016674600312,
      -0.27961870765004654,
      1.1580567649881155,
      -0.16678146970417046,
      0.21924093810469547,
      0.605612901945462,
      -0.04747636155256782,
      0.4075368470800839,
      -0.00541612744382653,
      0.6542235522372103,
      -0.051242283701554085,
      0.05499829297088918,
      0.5030035173837477,
      0.6938909909957419,
      0.09443118347157431,
      -0.3034680378402878,
      -0.21564623769882596,
      0.0,
      -0.34025931356014644,
      -0.31746910953774454,
      -0.26789953992594195,
      -0.7724794940755636,
      0.006867418264546245,
      0.36526095276318876
    ],
    [
      0.965277389298519,
      0.02545087634701754,
      0.5324957543467814,
      -0.00033699257032802904,
      -0.5952061603250075,
      -0.35390653909495606,
      -0.40801945349057334,
      0.7608384568248495,
      0.15990400280057854,
      -0.046375067829847745,
      -0.405216888510644,
      -0.1498534456302075,
      0.021966565707937317,
      -0.10338621657021721,
      -0.010688514059070894,
      -0.2720737213079453,
      -0.011465032812757087,
      0.6555228348572325,
      0.3659518356847828,
      0.0,
      0.8640677889459719,
      -0.07234099709238273,
      -0.0097323065710894,
      -0.39045715547245935,
      -0.09756698241611111,
      0.010755527620030746
    ],
    [
      -0.041323659543819655,
      0.19190832571715477,
      0.0835698182983019,
      0.20146284170201886,
      -0.11436880669348497,
      0.06907096100771203,
      -0.019002344082021647,
      -0.1036129977640917,
      -0.042669289195325234,
      -0.02201652989792211,
      -0.06375941802032689,
      0.056487638062872506,
      -0.24573642745793467,
      -0.2119319928763396,
      0.43055210403666067,
      -0.17828357049495264,
      -0.011334633029172354,
      -0.0819467588154422,
      0.001504537175385979,
      0.0,
      -0.1538438684046084,
      -0.08809285942685106,
      -0.12019657483163229,
      2.0374293138183512,
      0.6545165913392456,
      -0.43598173445198135
    ]
  ],
  "intercept": [
    0.31515830581211945,
    0.1663527613485654,
    -0.3600772883719495,
    -0.1214337787887368
  ]
}